{"cameraMode":{"drawMode":0,"name":"Shaded","section":"Shading Mode"},"sceneLighting":false,"audioPlay":false,"sceneViewState":{"showFog":true,"showMaterialUpdate":false,"showSkybox":false,"showFlares":true,"showImageEffects":true,"showParticleSystems":true,"showVisualEffectGraphs":true,"m_FxEnabled":true},"in2DMode":false,"pivot":{"x":11.215238571166993,"y":0.004767855163663626,"z":27.303903579711915},"rotation":{"x":0.08275078237056732,"y":-0.6932603716850281,"z":0.08064788579940796,"w":0.7113732695579529},"size":0.02185535430908203,"orthographic":false}