{"cameraMode":{"drawMode":0,"name":"Shaded","section":"Shading Mode"},"sceneLighting":true,"audioPlay":false,"sceneViewState":{"showFog":true,"showMaterialUpdate":false,"showSkybox":true,"showFlares":true,"showImageEffects":true,"showParticleSystems":true,"showVisualEffectGraphs":true,"m_FxEnabled":true},"in2DMode":false,"pivot":{"x":122.89437866210938,"y":14.716644287109375,"z":147.50064086914063},"rotation":{"x":0.04375455528497696,"y":0.3363512456417084,"z":-0.013938878662884236,"w":0.9408535957336426},"size":82.98597717285156,"orthographic":false}