{"cameraMode":{"drawMode":0,"name":"Shaded","section":"Shading Mode"},"sceneLighting":true,"audioPlay":false,"sceneViewState":{"showFog":true,"showMaterialUpdate":false,"showSkybox":true,"showFlares":true,"showImageEffects":true,"showParticleSystems":true,"showVisualEffectGraphs":true,"m_FxEnabled":true},"in2DMode":false,"pivot":{"x":27.157161712646486,"y":14.379703521728516,"z":55.549381256103519},"rotation":{"x":0.41042065620422366,"y":-0.13822904229164124,"z":0.06488041579723358,"w":0.8992896676063538},"size":53.833335876464847,"orthographic":false}