{"cameraMode":{"drawMode":0,"name":"Shaded","section":"Shading Mode"},"sceneLighting":true,"audioPlay":false,"sceneViewState":{"showFog":true,"showMaterialUpdate":false,"showSkybox":true,"showFlares":true,"showImageEffects":true,"showParticleSystems":true,"showVisualEffectGraphs":true,"m_FxEnabled":true},"in2DMode":false,"pivot":{"x":-133.82229614257813,"y":104.59683227539063,"z":255.08511352539063},"rotation":{"x":0.07627357542514801,"y":0.9096513390541077,"z":-0.3599660098552704,"w":0.19274476170539857},"size":202.58001708984376,"orthographic":false}