{"cameraMode":{"drawMode":0,"name":"Shaded","section":"Shading Mode"},"sceneLighting":false,"audioPlay":false,"sceneViewState":{"showFog":true,"showMaterialUpdate":false,"showSkybox":false,"showFlares":true,"showImageEffects":true,"showParticleSystems":true,"showVisualEffectGraphs":true,"m_FxEnabled":true},"in2DMode":false,"pivot":{"x":0.00031344592571258545,"y":0.03595472127199173,"z":0.0005986392498016357},"rotation":{"x":-0.03586962819099426,"y":-0.4082719385623932,"z":0.016058355569839479,"w":-0.912020742893219},"size":0.1928335279226303,"orthographic":false}