{"cameraMode":{"drawMode":0,"name":"Shaded","section":"Shading Mode"},"sceneLighting":false,"audioPlay":false,"sceneViewState":{"showFog":true,"showMaterialUpdate":false,"showSkybox":false,"showFlares":true,"showImageEffects":true,"showParticleSystems":true,"showVisualEffectGraphs":true,"m_FxEnabled":true},"in2DMode":false,"pivot":{"x":0.009372473694384098,"y":0.0047061145305633549,"z":0.1831769049167633},"rotation":{"x":0.23506273329257966,"y":-0.6724736094474793,"z":0.23963318765163423,"w":0.6596763134002686},"size":0.4938391447067261,"orthographic":false}