{"cameraMode":{"drawMode":0,"name":"Shaded","section":"Shading Mode"},"sceneLighting":true,"audioPlay":false,"sceneViewState":{"showFog":true,"showMaterialUpdate":false,"showSkybox":true,"showFlares":true,"showImageEffects":true,"showParticleSystems":true,"showVisualEffectGraphs":true,"m_FxEnabled":true},"in2DMode":false,"pivot":{"x":0.2340378612279892,"y":1.0981526374816895,"z":4.979029655456543},"rotation":{"x":0.012384545058012009,"y":-0.9879353046417236,"z":0.0953904315829277,"w":0.12422297894954682},"size":0.41183578968048098,"orthographic":false}