{"cameraMode":{"drawMode":0,"name":"Shaded","section":"Shading Mode"},"sceneLighting":true,"audioPlay":false,"sceneViewState":{"showFog":true,"showMaterialUpdate":false,"showSkybox":true,"showFlares":true,"showImageEffects":true,"showParticleSystems":true,"showVisualEffectGraphs":true,"m_FxEnabled":true},"in2DMode":false,"pivot":{"x":-0.0049176327884197239,"y":-0.052397891879081729,"z":0.7520498037338257},"rotation":{"x":0.48028847575187685,"y":0.1319294422864914,"z":-0.07329269498586655,"w":0.8640786409378052},"size":25.30153465270996,"orthographic":false}